{
  "individual_event_sounds" : {
     "events" :{
        "glass": { "sound": "random.glass", "volume": 1.0, "pitch": 1.0 },
        "potion.brewed": {"sound":  "random.potion.brewed", "volume":  1.0, "pitch":  1.0},
        "chorusgrow" : {"sound":  "block.chorusflower.grow", "volume" :  1.0, "pitch":  1.0},
        "chorusdeath" : {"sound":  "block.chorusflower.death", "volume" :  1.0, "pitch":  1.0}, 
        "fizz" : {"sound": "random.fizz", "volume" : 0.5, "pitch" : [1.8, 2.4] },
        "bow.hit": {"sound": "random.bowhit", "volume": 1.0, "pitch": [ 1.09, 1.3 ]},
        "bullet.hit": {"sound": "mob.shulker.bullet.hit", "volume": 1.0, "pitch": 1.0},
        "extinguish.fire" : {"sound": "random.fizz", "volume" : 0.5, "pitch" : [1.8, 2.4] },
        "explode": { "sound" : "random.explode", "volume": 4.0, "pitch": 1.0},
        "chest.open": { "sound" : "random.chestopen", "volume": 0.5, "pitch": [0.9, 1.0]},
        "chest.closed": { "sound" : "random.chestclosed", "volume": 0.5, "pitch": [0.9, 1.0]},
        "shulkerbox.open": { "sound" : "random.shulkerboxopen", "volume": 0.5, "pitch": [0.9, 1.0]},
        "shulkerbox.closed": { "sound": "random.shulkerboxclosed", "volume": 0.5, "pitch": [ 0.9, 1.0 ]},
        "enderchest.open": { "sound": "random.enderchestopen", "volume": 0.5, "pitch": [ 0.9, 1.0 ] },
        "enderchest.closed": { "sound" : "random.enderchestclosed", "volume": 0.5, "pitch": [0.9, 1.0]},
        "ignite" : {"sound": "fire.ignite", "volume" : 1.0, "pitch" : [0.8, 1.2] },
        "power.on" : {"sound": "random.click", "volume" : 1.0, "pitch" : 0.6 },
        "power.off" : {"sound": "random.click", "volume" : 1.0, "pitch" : 0.5 },
        "attach" : {"sound": "random.click", "volume" : 1.0, "pitch" : 0.7 },
        "detach" : {"sound": "random.bowhit", "volume" : 0.4, "pitch" : [1.1, 1.33] },
        "break" : {"sound": "random.break", "volume" : 1.0, "pitch" : 0.9 },
        "thorns": {"sound": "damage.thorns", "volume": 0.5, "pitch": 1.0},
        "fire" : {"sound": "fire.fire", "volume" : [1.0, 2.0], "pitch" : [0.3, 1.0] },
        "piston.out" : {"sound": "tile.piston.out", "volume" : 0.5, "pitch" : [0.6, 0.75] },
        "piston.in" : {"sound": "tile.piston.in", "volume" : 0.5, "pitch" : [0.6, 0.75] },
        "portal" : {"sound": "portal.portal", "volume" : 0.25, "pitch" : [0.8, 1.2] },
        "water" : {"sound": "liquid.water", "volume" : [0.75, 1.0], "pitch" : [0.5, 1.5] },
        "lava.pop" : {"sound": "liquid.lavapop", "volume" : [0.4, 0.6], "pitch" : [0.9, 1.05] },
        "lava" : {"sound": "liquid.lava", "volume" : [0.4, 0.6], "pitch" : [0.9, 1.05] },
        "burp" : {"sound": "random.burp", "volume": 0.5, "pitch": [0.9, 1.0]},
        "bow" : {"sound": "random.bow", "volume" : 1.0, "pitch" : [0.83, 1.25]},
        "shear" : {"sound": "mob.sheep.shear", "volume" : 1.0, "pitch" : 1.0},
        "milk": {"sound": "mob.cow.milk", "volume" : 1.0, "pitch" : 1.0},
        "note" : {"sound": "", "volume" : 3.0},
        "levelup": {"sound": "random.levelup","pitch": 1.0}, 
        "deny": {"sound": "block.false_permissions", "volume": 0.8, "pitch": [0.8, 1.2]},
        "tripod": {"sound": "dig.stone", "volume": 2.0, "pitch": [0.9, 1.1]},
        "bucket.fill.water": {"sound": "bucket.fill_water","volume" : 1.0, "pitch" : 1.0},
        "bucket.empty.water": {"sound": "bucket.empty_water","volume" : 1.0, "pitch" : 1.0},
        "bucket.fill.lava": {"sound": "bucket.fill_lava","volume" : 1.0, "pitch" : 1.0},
        "bucket.empty.lava": {"sound": "bucket.empty_lava","volume" : 1.0, "pitch" : 1.0},
        "pop": {"sound": "random.pop", "volume": 0.2, "pitch": [0, 3.4] },
        "drop.slot": {"sound": "random.pop", "volume": 0.3, "pitch": 1.0 },      
        "remedy": {"sound": "mob.zombie.remedy", "volume": [ 1.0, 2.0 ], "pitch": [ 0.3, 1 ] },
        "unfect": { "sound": "mob.zombie.unfect", "volume": [ 1.0, 2.0 ], "pitch": [ 0.3, 1 ] },
        "saddle": { "sound": "mob.horse.leather", "volume": 0.5, "pitch": 1.0 },
        "camera.take_picture": {"sound": "camera.take_picture", "volume": 1.0, "pitch" : 1.0 },
        "leashknot.break": {"sound": "leashknot.break", "volume": 1.0, "pitch" : 1.0 },
        "leashknot.place": {"sound": "leashknot.place", "volume": 1.0, "pitch" : 1.0 },
        "mob.armor_stand.break": {"sound": "mob.armor_stand.break", "volume": 1.0, "pitch": 1.0 },
        "mob.armor_stand.hit": {"sound": "mob.armor_stand.hit", "volume": 1.0, "pitch": 1.0 },
        "mob.armor_stand.land": {"sound": "mob.armor_stand.land", "volume": 1.0, "pitch": 1.0 },
        "mob.armor_stand.place": {"sound": "mob.armor_stand.place", "volume": 1.0, "pitch": 1.0 },
        "record.13": { "sound": "record.13", "volume": 1.0, "pitch": 1.0  },
        "record.cat": { "sound": "record.cat", "volume": 1.0, "pitch": 1.0 },
        "record.blocks": { "sound": "record.blocks", "volume": 1.0, "pitch": 1.0 },
        "record.chirp": { "sound": "record.chirp", "volume": 1.0, "pitch": 1.0 },
        "record.far": { "sound": "record.far", "volume": 1.0, "pitch": 1.0 },
        "record.mall": { "sound": "record.mall", "volume": 1.0, "pitch": 1.0 },
        "record.mellohi": { "sound": "record.mellohi", "volume": 1.0, "pitch": 1.0 },
        "record.stal": { "sound": "record.stal", "volume": 1.0, "pitch": 1.0 },
        "record.strad": { "sound": "record.strad", "volume": 1.0, "pitch": 1.0 },
        "record.ward": { "sound": "record.ward", "volume": 1.0, "pitch": 1.0 },
        "record.11": { "sound": "record.11", "volume": 1.0, "pitch": 1.0 },
        "record.wait": { "sound": "record.wait", "volume": 1.0, "pitch": 1.0 },
        "launch":  {"sound":  "firework.launch", "volume": 1.0, "pitch":  1.0 },     
        "blast":  {"sound":  "firework.blast", "volume": 1.0, "pitch":  1.0 },     
        "large.blast":  {"sound":  "firework.large_blast", "volume": 1.0, "pitch":  1.0 },          
        "twinkle":  {"sound":  "firework.twinkle", "volume": 1.0, "pitch":  1.0 },
        "block.end_portal_frame.fill":  {"sound":  "block.end_portal_frame.fill", "volume": 0.3, "pitch":  1.0 },
        "block.end_portal.spawn":  {"sound":  "block.end_portal.spawn", "volume": 0.7, "pitch":  1.0 }, 
        "random.anvil_use":  {"sound":  "random.anvil_use", "volume": 0.7, "pitch":  1.0 },
        "bottle.dragonbreath":  {"sound":  "bottle.dragonbreath", "volume": 0.7, "pitch":  1.0 },
        "item.trident.return":  {"sound":  "item.trident.return", "volume": 10.0, "pitch":  1.0},
        "item.trident.riptide_1":  {"sound":  "item.trident.riptide_1", "volume": 1.0, "pitch":  1.0},
        "item.trident.riptide_2":  {"sound":  "item.trident.riptide_2", "volume": 1.0, "pitch":  1.0},
        "item.trident.riptide_3":  {"sound":  "item.trident.riptide_3", "volume": 1.0, "pitch":  1.0},
        "item.trident.throw":  {"sound":  "item.trident.throw", "volume": 1.0, "pitch":  1.0},
        "item.trident.thunder":  {"sound":  "item.trident.thunder", "volume": 1.0, "pitch":  1.0},
        "item.trident.hit":  {"sound":  "item.trident.hit", "volume": 1.0, "pitch":  1.0},
        "item.trident.hit_ground":  {"sound":  "item.trident.hit_ground", "volume": 1.0, "pitch":  1.0},
        "armor.equip_chain":  {"sound":  "armor.equip_chain", "volume": 1.0, "pitch":  1.0},
        "armor.equip_diamond":  {"sound":  "armor.equip_diamond", "volume": 1.0, "pitch":  1.0},
        "armor.equip_generic":  {"sound":  "armor.equip_generic", "volume": 1.0, "pitch":  1.0},
        "armor.equip_gold":  {"sound":  "armor.equip_gold", "volume": 1.0, "pitch":  1.0},
        "armor.equip_iron":  {"sound":  "armor.equip_iron", "volume": 1.0, "pitch":  1.0},
        "armor.equip_leather":  {"sound":  "armor.equip_leather", "volume": 1.0, "pitch":  1.0},
        "armor.equip_elytra":  {"sound":  "armor.equip_leather", "volume": 1.0, "pitch":  1.0},
        "portal.travel": {"sound":  "portal.travel", "volume": 1.0, "pitch":  1.0}
     }
  }, 
  
  "block_sounds" : {
    "normal":{"volume" : 1.0, "pitch" : 1.0, "events" :{"default" : "", "item.use.on" : { "sound": "use.stone"              ,"pitch" : 0.8} , "break" : { "sound": "dig.stone"                 ,"pitch" : 0.8}  , "hit" : { "sound": "hit.stone" , "volume" : 0.5, "pitch" : 0.5},  "place" : { "sound": "dig.stone"                       ,"pitch" : 0.8}  } },
    "gravel":{"volume" : 1.0, "pitch" : 1.0, "events" :{"default" : "", "item.use.on" : { "sound": "use.gravel"             ,"pitch" : 0.8} , "break" : { "sound": "dig.gravel"                ,"pitch" : 0.8}  , "hit" : { "sound": "hit.gravel", "volume" : 0.25, "pitch" : 0.5},  "place" : { "sound": "dig.gravel"                      ,"pitch" : 0.8}  } },
    "wood"  :{"volume" : 1.0, "pitch" : 1.0, "events" :{"default" : "", "item.use.on" : { "sound": "use.wood"               ,"pitch" : 0.8} , "break" : { "sound": "dig.wood"                  ,"pitch" : 0.8}  , "hit" : { "sound": "hit.wood"  , "volume" : 0.7, "pitch" : 0.5},   "place" : { "sound": "dig.wood"                        ,"pitch" : 0.8}  } },
    "grass" :{"volume" : 1.0, "pitch" : 1.0, "events" :{"default" : "", "item.use.on" : { "sound": "use.grass"              ,"pitch" : 0.8} , "break" : { "sound": "dig.grass", "volume": 0.5  ,"pitch" : 0.8}  , "hit" : { "sound": "hit.grass" , "volume" : 0.6, "pitch" : 0.5},  "place" : { "sound": "dig.grass"                       ,"pitch" : 0.8}  } },
    "stone" :{"volume" : 1.0, "pitch" : 1.0, "events" :{"default" : "", "item.use.on" : { "sound": "use.stone"              ,"pitch" : 0.8} , "break" : { "sound": "dig.stone"                 ,"pitch" : 0.8}  , "hit" : { "sound": "hit.stone" , "volume" : 1.0, "pitch" : 0.5},  "place" : { "sound": "dig.stone"                       ,"pitch" : 0.8}  } },
    "cloth" :{"volume" : 1.0, "pitch" : 1.0, "events" :{"default" : "", "item.use.on" : { "sound": "use.cloth"              ,"pitch" : 0.8} , "break" : { "sound": "dig.cloth"                 ,"pitch" : 0.8}  , "hit" : { "sound": "hit.cloth" , "volume" : 0.25, "pitch" : 0.5},  "place" : { "sound": "dig.cloth"                       ,"pitch" : 0.8}  } },
    "glass" :{"volume" : 1.0, "pitch" : 1.0, "events" :{"default" : "", "item.use.on" : { "sound": "use.stone"              ,"pitch" : 0.8} , "break" : { "sound": "random.glass"              ,"pitch" : 0.8}  , "hit" : { "sound": "hit.stone" , "volume" : 0.25, "pitch" : 0.5},  "place" : { "sound": "step.stone"                      ,"pitch" : 0.8}  } },
    "sand"  :{"volume" : 1.0, "pitch" : 1.0, "events" :{"default" : "", "item.use.on" : { "sound": "use.sand"               ,"pitch" : 0.8} , "break" : { "sound": "dig.sand"                  ,"pitch" : 0.8}  , "hit" : { "sound": "hit.sand"  , "volume" : 0.25, "pitch" : 0.5},  "place" : { "sound": "dig.sand"	                       ,"pitch" : 0.8}  } },
    "snow"  :{"volume" : 1.0, "pitch" : 1.0, "events" :{"default" : "", "item.use.on" : { "sound": "use.snow"               ,"pitch" : 0.8} , "break" : { "sound": "dig.snow"                  ,"pitch" : 0.8}  , "hit" : { "sound": "hit.snow"  , "volume" : 0.25, "pitch" : 0.5},  "place" : { "sound": "dig.snow"	                       ,"pitch" : 0.8}  } },
    "ladder":{"volume" : 1.0, "pitch" : 1.0, "events" :{"default" : "", "item.use.on" : { "sound": "use.ladder"             ,"pitch" : 0.8} , "break" : { "sound": "dig.wood"                  ,"pitch" : 0.8}  , "hit" : { "sound": "hit.ladder", "volume" : 0.25, "pitch" : 0.5},  "place" : { "sound": "dig.wood"	                       ,"pitch" : 0.8}  } },
    "slime" :{"volume" : 1.0, "pitch" : 1.0, "events" :{"default" : "", "item.use.on" : { "sound": "use.slime"              ,"pitch" : 0.8} , "break" : { "sound": "mob.slime.big"             ,"pitch" : 0.8}  , "hit" : { "sound": "hit.slime" , "volume" : 0.25, "pitch" : 0.5},  "place" : { "sound": "mob.slime.big"                   ,"pitch" : 0.8}  } },
    "metal" :{"volume" : 1.0, "pitch" : 1.5, "events" :{"default" : "", "item.use.on" : { "sound": "use.anvil"              ,"pitch" : 1.2} , "break" : { "sound": "dig.stone"                 ,"pitch" : 1.2}  , "hit" : { "sound": "hit.stone" , "volume" : 0.5, "pitch" :0.75},  "place" : { "sound": "dig.stone"                       ,"pitch" : 1.2}  } },
    "anvil" :{"volume" : 0.35,"pitch" : 1.0, "events" :{"default" : "", "item.use.on" : { "sound": "use.stone","volume":0.68,"pitch" : 0.8} , "break" : { "sound": "dig.stone", "volume":0.68  ,"pitch" : 0.8}  , "hit" : { "sound": "hit.anvil" , "volume" : 0.4, "pitch" : 0.5},  "place" : { "sound": "random.anvil_land","volume":0.68 ,"pitch" : 0.8}  } },
    "itemframe":{"volume" : 1.0,"pitch" : 1.0,"events":{"default" : "", "item.use.on" : { "sound": "block.itemframe.place"  ,"pitch" : 0.8} , "break" : { "sound": "block.itemframe.break"     ,"pitch" : 0.8}  , "hit" : { "sound": "hit.wood"  , "volume" : 0.5, "pitch" : 0.5},  "place" : { "sound": "block.itemframe.place"           ,"pitch" : 0.8}  } }
  },

  "entity_sounds": {
    "defaults": {
      "volume": 1.0,
      "pitch": [ 0.8, 1.2 ],
      "events": {
        "fall.big": {"sound": "damage.fallbig", "volume": 0.75, "pitch": 1.0},
        "fall.small": {"sound": "damage.fallsmall","volume": 0.75, "pitch": 1.0},
        "splash": {"sound": "random.splash","pitch": [ 0.6, 1.4 ]},
        "swim": {"sound": "random.swim","pitch": [ 0.6, 1.4 ]},
        "fizz": {"sound": "random.fizz","volume": 0.7,"pitch": [ 1.2, 2.0 ]},
        "drink": {"sound": "random.drink","volume": 0.5,"pitch": [ 0.9, 1.0 ]},
        "eat": {"sound": "random.eat","volume": [ 0.5, 1.5 ],"pitch": [ 0.8, 1.2 ]},
        "ambient": "",
        "hurt": "game.player.hurt",
        "death": "game.player.die",
        "ambient.in.water": "",
        "hurt.in.water": "",
        "death.in.water": ""
      }
    },
    "entities": {
      "bat": {
        "volume": 0.1,
        "pitch": [ 0.76, 1.14 ],
        "events": {
          "ambient": "mob.bat.idle",
          "hurt": "mob.bat.hurt",
          "death": "mob.bat.death",
          "takeoff": {
            "sound": "mob.bat.takeoff",
            "volume": 0.05,
            "pitch": [ 0.8, 1.2 ]
          }
        }
      },
      "blaze": {
        "volume": 1.0,
        "pitch": [ 0.8, 1.2 ],
        "events": {
          "ambient": "mob.blaze.breathe",
          "hurt": "mob.blaze.hit",
          "death": "mob.blaze.death",
          "shoot": "mob.blaze.shoot"
        }
      },
      "chicken": {
        "volume": 1.0,
        "pitch": [ 0.8, 1.2 ],
        "events": {
          "ambient": "mob.chicken.say",
          "hurt": "mob.chicken.hurt",
          "death": "mob.chicken.hurt",
          "step": {
            "sound": "mob.chicken.step",
            "volume": 0.15,
            "pitch": 1.0
          },
          "plop": "mob.chicken.plop"
        }
      },
      "cow": {
        "volume": 1.0,
        "pitch": [ 0.8, 1.2 ],
        "events": {
          "ambient": "mob.cow.say",
          "hurt": "mob.cow.hurt",
          "death": "mob.cow.hurt",
          "step": {
            "sound": "mob.cow.step",
            "volume": 0.15,
            "pitch": 1.0
          }
        }
      },
      "mooshroom": {
        "volume": 1.0,
        "pitch": [ 0.8, 1.2 ],
        "events": {
          "ambient": "mob.cow.say",
          "hurt": "mob.cow.hurt",
          "death": "mob.cow.hurt",
          "step": {
            "sound": "mob.cow.step",
            "volume": 0.15,
            "pitch": 1.0
          }
        }
      },
      "creeper": {
        "volume": 1.0,
        "pitch": [ 0.8, 1.2 ],
        "events": {
          "hurt": "mob.creeper.say",
          "death": "mob.creeper.death",
          "fuse": {
            "sound": "random.fuse",
            "volume": 1.0,
            "pitch": 0.5
          }
        }
      },
      "enderman": {
        "volume": 1.0,
        "pitch": [ 0.8, 1.2 ],
        "events": {
          "ambient": "mob.endermen.idle",
          "hurt": "mob.endermen.hit",
          "death": "mob.endermen.death",
          "stare": {
            "sound": "mob.endermen.stare",
            "volume": 1.0,
            "pitch": 1.0
          }
        }
      },
      "endermite": {
        "volume": 1.0,
        "pitch": [ 0.8, 1.2 ],
        "events": {
          "ambient": "mob.endermite.say",
          "hurt": "mob.endermite.hit",
          "death": "mob.endermite.kill",
          "step": {
            "sound": "mob.endermite.step",
            "volume": 0.15,
            "pitch": 1.0
          }
        }
      },
      "ender_dragon": {
        "volume": 100.0,
        "pitch": [ 0.8, 1.2 ],
        "events": {
          "mad": "mob.enderdragon.growl",
          "hurt": "mob.enderdragon.hit",
          "death": "mob.enderdragon.death",
          "flap": "mob.enderdragon.flap"
        }
      },
      "xp_orb": {
        "volume": 1.0,
        "pitch": [ 0.8, 1.2 ],
        "events": {
          "fizz": {
            "sound": "random.fizz",
            "volume": 0.4,
            "pitch": [ 2.0, 2.4 ]
          }
        }
      },
      "ghast": {
        "volume": 1000.0,
        "pitch": [ 0.8, 1.2 ],
        "events": {
          "scream": "mob.ghast.affectionate_scream",
          "warn": "mob.ghast.charge",
          "shoot": {
            "sound": "mob.ghast.fireball",
            "volume": 0.7
          },
          "ambient": "mob.ghast.moan",
          "hurt": "mob.ghast.scream",
          "death": "mob.ghast.death"
        }
      },
      "guardian": {
        "volume": 1.0,
        "pitch": [ 0.8, 1.2 ],
        "events": {
          "ambient": "mob.guardian.land_idle",
          "hurt": "mob.guardian.land_hit",
          "death": "mob.guardian.land_death",
          "ambient.in.water": "mob.guardian.ambient",
          "hurt.in.water": "mob.guardian.hit",
          "death.in.water": "mob.guardian.death",
          "guardian.flop": {
            "sound": "mob.guardian.flop",
            "volume": 1.0,
            "pitch": 1.0
          }
        }
      },
      "elder_guardian": {
        "volume": 1.0,
        "pitch": [ 0.8, 1.2 ],
        "events": {
          "ambient": "mob.guardian.land_idle",
          "hurt": "mob.guardian.land_hit",
          "death": "mob.elderguardian.death",
          "ambient.in.water": "mob.elderguardian.idle",
          "hurt.in.water": "mob.elderguardian.hit",
          "death.in.water": "mob.elderguardian.death",
          "guardian.flop": {
            "sound": "mob.guardian.flop",
            "volume": 1.0,
            "pitch": 1.0
          }
        }
      },
      "evocation_illager": {
        "volume": 1.0,
        "pitch": [ 0.8, 1.2 ],
        "events": {
          "ambient": "mob.evocation_illager.ambient",
          "death": "mob.evocation_illager.death",
          "hurt": "mob.evocation_illager.hurt",
          "cast.spell": "mob.evocation_illager.cast_spell",
          "prepare.attack": "mob.evocation_illager.prepare_attack",
          "prepare.summon": "mob.evocation_illager.prepare_summon",
          "prepare.wololo": "mob.evocation_illager.prepare_wololo"
        }
      },
      "evocation_fang": {
        "volume": 0.8,
        "pitch": [ 0.8, 1.2 ],
        "events": {
          "fang": "mob.evocation_fangs.attack"
        }
      },
      "vex": {
        "volume": 1.0,
        "pitch": [ 0.8, 1.2 ],
        "events": {
          "ambient": "mob.vex.ambient",
          "death": "mob.vex.death",
          "hurt": "mob.vex.hurt",
          "charge": "mob.vex.charge"
        }
      },
      "llama": {
        "volume": 0.8,
        "pitch": [ 0.8, 1.2 ],
        "events": {
          "ambient": "mob.llama.idle",
          "death": "mob.llama.death",
          "hurt": "mob.llama.hurt",
          "mad": "mob.llama.angry",
          "shoot": "mob.llama.spit",
          "step": {
            "sound": "mob.llama.step",
            "volume": 0.15,
            "pitch": 1.0
          },
          "armor": {
            "sound": "mob.llama.swag",
            "volume": 0.5,
            "pitch": 1.0
          },
          "add.chest": {
            "sound": "mob.horse.armor",
            "volume": 1.0,
            "pitch": [ 0.8, 1.2 ]
          },
          "eat": {
            "sound": "mob.llama.eat",
            "volume": [ 0.5, 1.5 ],
            "pitch": [ 0.8, 1.2 ]
          }
        }
      },
      "horse": {
        "volume": 0.8,
        "pitch": [ 0.8, 1.2 ],
        "events": {
          "ambient": "mob.horse.idle",
          "death": "mob.horse.death",
          "hurt": "mob.horse.hit",
          "mad": "mob.horse.angry",
          "saddle": {
            "sound": "mob.horse.leather",
            "volume": 0.5,
            "pitch": 1.0
          },
          "armor": {
            "sound": "mob.horse.armor",
            "volume": 0.5,
            "pitch": 1.0
          },
          "add.chest": {
            "sound": "mob.horse.armor",
            "volume": 1.0,
            "pitch": [ 0.8, 1.2 ]
          },
          "breathe": {
            "sound": "mob.horse.breathe",
            "volume": 0.6,
            "pitch": 1.0
          },
          "jump": {
            "sound": "mob.horse.jump",
            "volume": 0.4,
            "pitch": 1.0
          },
          "land": {
            "sound": "mob.horse.land",
            "volume": 0.4,
            "pitch": 1.0
          },
          "eat": {
            "sound": "mob.horse.eat",
            "volume": [ 0.5, 1.5 ],
            "pitch": [ 0.8, 1.2 ]
          }
        }
      },
      "donkey": {
        "volume": 0.8,
        "pitch": [ 0.8, 1.2 ],
        "events": {
          "ambient": "mob.horse.donkey.idle",
          "death": "mob.horse.donkey.death",
          "hurt": "mob.horse.donkey.hit",
          "mad": "mob.horse.donkey.angry",
          "saddle": {
            "sound": "mob.horse.leather",
            "volume": 0.5,
            "pitch": 1.0
          },
          "armor": {
            "sound": "mob.horse.armor",
            "volume": 0.5,
            "pitch": 1.0
          },
          "add.chest": {
            "sound": "mob.horse.armor",
            "volume": 1.0,
            "pitch": [ 0.8, 1.2 ]
          },
          "breathe": {
            "sound": "mob.horse.breathe",
            "volume": 0.6,
            "pitch": 1.0
          },
          "jump": {
            "sound": "mob.horse.jump",
            "volume": 0.4,
            "pitch": 1.0
          },
          "land": {
            "sound": "mob.horse.land",
            "volume": 0.4,
            "pitch": 1.0
          },
          "eat": {
            "sound": "mob.horse.eat",
            "volume": [ 0.5, 1.5 ],
            "pitch": [ 0.8, 1.2 ]
          }
        }
      },
      "mule": {
        "volume": 0.8,
        "pitch": [ 0.8, 1.2 ],
        "events": {
          "ambient": "mob.horse.donkey.idle",
          "death": "mob.horse.donkey.death",
          "hurt": "mob.horse.donkey.hit",
          "mad": "mob.horse.donkey.angry",
          "saddle": {
            "sound": "mob.horse.leather",
            "volume": 0.5,
            "pitch": 1.0
          },
          "armor": {
            "sound": "mob.horse.armor",
            "volume": 0.5,
            "pitch": 1.0
          },
          "add.chest": {
            "sound": "mob.horse.armor",
            "volume": 1.0,
            "pitch": [ 0.8, 1.2 ]
          },
          "breathe": {
            "sound": "mob.horse.breathe",
            "volume": 0.6,
            "pitch": 1.0
          },
          "jump": {
            "sound": "mob.horse.jump",
            "volume": 0.4,
            "pitch": 1.0
          },
          "land": {
            "sound": "mob.horse.land",
            "volume": 0.4,
            "pitch": 1.0
          },
          "eat": {
            "sound": "mob.horse.eat",
            "volume": [ 0.5, 1.5 ],
            "pitch": [ 0.8, 1.2 ]
          }
        }
      },
      "skeleton_horse": {
        "volume": 0.8,
        "pitch": [ 0.8, 1.2 ],
        "events": {
          "ambient": "mob.horse.skeleton.idle",
          "death": "mob.horse.skeleton.death",
          "hurt": "mob.horse.skeleton.hit",
          "saddle": {
            "sound": "mob.horse.leather",
            "volume": 0.5,
            "pitch": 1.0
          },
          "armor": {
            "sound": "mob.horse.armor",
            "volume": 0.5,
            "pitch": 1.0
          },
          "add.chest": {
            "sound": "mob.horse.armor",
            "volume": 1.0,
            "pitch": [ 0.8, 1.2 ]
          },
          "breathe": {
            "sound": "mob.horse.breathe",
            "volume": 0.6,
            "pitch": 1.0
          },
          "jump": {
            "sound": "mob.horse.jump",
            "volume": 0.4,
            "pitch": 1.0
          },
          "land": {
            "sound": "mob.horse.land",
            "volume": 0.4,
            "pitch": 1.0
          }
        }
      },
      "zombie_horse": {
        "volume": 0.8,
        "pitch": [ 0.8, 1.2 ],
        "events": {
          "ambient": "mob.horse.zombie.idle",
          "death": "mob.horse.zombie.death",
          "hurt": "mob.horse.zombie.hit",
          "saddle": {
            "sound": "mob.horse.leather",
            "volume": 0.5,
            "pitch": 1.0
          },
          "armor": {
            "sound": "mob.horse.armor",
            "volume": 0.5,
            "pitch": 1.0
          },
          "add.chest": {
            "sound": "mob.horse.armor",
            "volume": 1.0,
            "pitch": [ 0.8, 1.2 ]
          },
          "breathe": {
            "sound": "mob.horse.breathe",
            "volume": 0.6,
            "pitch": 1.0
          },
          "jump": {
            "sound": "mob.horse.jump",
            "volume": 0.4,
            "pitch": 1.0
          },
          "land": {
            "sound": "mob.horse.land",
            "volume": 0.4,
            "pitch": 1.0
          }
        }
      },
      "husk": {
        "volume": 1.0,
        "pitch": [ 0.8, 1.2 ],
        "events": {
          "ambient": "mob.husk.ambient",
          "hurt": "mob.husk.hurt",
          "death": "mob.husk.death",
          "step": {
            "sound": "mob.husk.step",
            "volume": 0.15,
            "pitch": 1.0
          }
        }
      },
      "iron_golem": {
        "volume": 1.0,
        "pitch": [ 0.8, 1.2 ],
        "events": {
          "ambient": "mob.irongolem.say",
          "hurt": "mob.irongolem.hit",
          "death": "mob.irongolem.death",
          "step": {
            "sound": "mob.irongolem.walk",
            "volume": 1.0,
            "pitch": 1.0
          },
          "throw": {
            "sound": "mob.irongolem.throw",
            "volume": 1.0,
            "pitch": 1.0
          }
        }
      },
      "snow_golem": {
        "volume": 1.0,
        "pitch": [ 0.8, 1.2 ],
        "events": {
          "hurt": "mob.snowgolem.hurt",
          "death": "mob.snowgolem.death",
          "shoot": "mob.snowgolem.shoot"
        }
      },
      "lightning_bolt": {
        "volume": 1000.0,
        "events": {
          "thunder": {
            "sound": "ambient.weather.thunder",
            "pitch": [ 0.6, 1.0 ]
          },
          "explode": {
            "sound": "ambient.weather.lightning.impact",
            "pitch": [ 0.3, 0.7 ]
          }
        }
      },
      "minecart": {
        "events": {
          "step": ""
        }
      },
      "item": {
        "volume": 1.0,
        "pitch": [ 0.8, 1.2 ],
        "events": {
          "fizz": {
            "sound": "random.fizz",
            "volume": 0.4,
            "pitch": [ 2.0, 2.4 ]
          }
        }
      },
      "ocelot": {
        "volume": 1.0,
        "pitch": [ 0.8, 1.2 ],
        "events": {
          "ambient": {
            "sound": "mob.cat.meow",
            "volume": 0.5
          },
          "hurt": "mob.cat.hit",
          "death": "mob.cat.hit",
          "purr": "mob.cat.purr",
          "purreow": "mob.cat.purreow"
        }
      },
      "parrot": {
        "volume": 1.0,
        "pitch": [ 0.8, 1.2 ],
        "events": {
          "ambient": {
            "sound": "mob.parrot.idle",
            "volume": 0.7
          },
          "hurt": "mob.parrot.hurt",
          "death": "mob.parrot.death",
          "step": "mob.parrot.step",
          "eat": "mob.parrot.eat",
          "fly": "mob.parrot.fly",
          "imitate.blaze": {
            "sound": "mob.blaze.ambient",
            "volume": 0.4,
            "pitch": 1.8
          },
          "imitate.cave_spider": {
            "sound": "mob.spider.say",
            "volume": 0.6,
            "pitch": 1.8
          },
          "imitate.creeper": {
            "sound": "random.fuse",
            "volume": 0.6,
            "pitch": 1.8
          },
          "imitate.elder_guardian": {
            "sound": "mob.guardian.land_idle",
            "volume": 0.7,
            "pitch": 1.7
          },
          "imitate.ender_dragon": {
            "sound": "mob.enderdragon.growl",
            "volume": 0.2,
            "pitch": 1.8
          },
          "imitate.enderman": {
            "sound": "mob.endermen.idle",
            "volume": 0.5,
            "pitch": 1.7
          },
          "imitate.endermite": {
            "sound": "mob.endermite.say",
            "volume": 0.7,
            "pitch": 1.8
          },
          "imitate.evocation_illager": {
            "sound": "mob.evocation_illager.ambient",
            "volume": 0.6,
            "pitch": 1.8
          },
          "imitate.ghast": {
            "sound": "mob.ghast.moan",
            "volume": 0.7,
            "pitch": 1.8
          },
          "imitate.husk": {
            "sound": "mob.husk.ambient",
            "volume": 0.6,
            "pitch": 1.8
          },
          "imitate.illusion_illager": {
            "sound": "mob.illusion_illager.ambient",
            "volume": 0.7,
            "pitch": 1.8
          },
          "imitate.magma_cube": {
            "sound": "mob.magmacube.big",
            "volume": 0.6,
            "pitch": 1.8
          },
          "imitate.polar_bear": {
            "sound": "mob.polarbear.idle",
            "volume": 0.7,
            "pitch": 0.8
          },
          "imitate.shulker": {
            "sound": "mob.shulker.ambient",
            "volume": 0.4,
            "pitch": 1.7
          },
          "imitate.silverfish": {
            "sound": "mob.silverfish.say",
            "volume": 0.7,
            "pitch": 1.8
          },
          "imitate.skeleton": {
            "sound": "mob.skeleton.say",
            "volume": 1,
            "pitch": 1.7
          },
          "imitate.slime": {
            "sound": "mob.slime.big",
            "volume": 0.6,
            "pitch": 1.8
          },
          "imitate.spider": {
            "sound": "mob.spider.say",
            "volume": 0.6,
            "pitch": 1.8
          },
          "imitate.stray": {
            "sound": "mob.stray.ambient",
            "volume": 0.6,
            "pitch": 1.6
          },
          "imitate.vex": {
            "sound": "mob.vex.ambient",
            "volume": 0.8,
            "pitch": 1.6
          },
          "imitate.vindication_illager": {
            "sound": "mob.vindicator.idle",
            "volume": 0.6,
            "pitch": 1.7
          },
          "imitate.witch": {
            "sound": "mob.witch.ambient",
            "volume": 0.5,
            "pitch": 1.8
          },
          "imitate.wither": {
            "sound": "mob.wither.ambient",
            "volume": 0.2,
            "pitch": 1.8
          },
          "imitate.wither_skeleton": {
            "sound": "mob.skeleton.say",
            "volume": 0.7,
            "pitch": 1.8
          },
          "imitate.wolf": {
            "sound": "mob.wolf.bark",
            "volume": 0.6,
            "pitch": 1.8
          },
          "imitate.zombie": {
            "sound": "mob.zombie.say",
            "volume": 0.6,
            "pitch": 1.8
          },
          "imitate.drowned": {
            "sound": "mob.zombie.say",
            "volume": 0.6,
            "pitch": 1.8
          },
          "imitate.zombie_pigman": {
            "sound": "mob.zombiepig.zpig",
            "volume": 0.4,
            "pitch": 1.8
          },
          "imitate.zombie_villager": {
            "sound": "mob.zombie_villager.say",
            "volume": 0.6,
            "pitch": 1.8
          }
        }
      },
      "pig": {
        "volume": 1.0,
        "pitch": [ 0.8, 1.2 ],
        "events": {
          "ambient": "mob.pig.say",
          "hurt": "mob.pig.say",
          "death": "mob.pig.death",
          "step": {
            "sound": "mob.pig.step",
            "volume": 0.15,
            "pitch": 1.0
          },
          "boost": {
            "sound": "mob.pig.boost",
            "volume": 1.0,
            "pitch": 1.0
          },
          "death.to.zombie": {
            "sound": "mob.pig.death",
            "volume": 2.0
          }
        }
      },
      "zombie_pigman": {
        "volume": 1.0,
        "pitch": [ 0.8, 1.2 ],
        "events": {
          "ambient": "mob.zombiepig.zpig",
          "hurt": "mob.zombiepig.zpighurt",
          "death": "mob.zombiepig.zpigdeath",
          "mad": {
            "sound": "mob.zombiepig.zpigangry",
            "volume": 2.0,
            "pitch": [ 1.44, 2.16 ]
          }
        }
      },
      "player": {
        "volume": 1.0,
        "pitch": [ 0.8, 1.2 ],
        "events": {
          "throw": {
            "sound": "random.bow",
            "volume": 0.5,
            "pitch": [ 0.33, 0.5 ]
          },
          "hurt": "game.player.hurt",
          "death": "game.player.die",
          "hurt.in.water": "game.player.hurt",
          "death.in.water": "game.player.die",
          "attack.nodamage": "game.player.attack.nodamage",
          "attack.strong": "game.player.attack.strong",
          "elderguardian.curse": {
            "sound": "mob.elderguardian.curse",
            "volume": 1.0,
            "pitch": 1.0
          }
        }
      },
      "polar_bear": {
        "volume": 1.0,
        "pitch": [ 0.8, 1.2 ],
        "events": {
          "ambient": "mob.polarbear.idle",
          "ambient.baby": "mob.polarbear_baby.idle",
          "hurt": {
            "sound": "mob.polarbear.hurt",
            "volume": 0.7
          },
          "death": "mob.polarbear.death",
          "step": {
            "sound": "mob.polarbear.step",
            "volume": 0.15,
            "pitch": 1.0
          },
          "mob.warning": {
            "sound": "mob.polarbear.warning",
            "volume": 1.2,
            "pitch": 1.0
          }
        }
      },
      "rabbit": {
        "volume": 0.8,
        "pitch": [ 0.8, 1.2 ],
        "events": {
          "ambient": "mob.rabbit.idle",
          "hurt": "mob.rabbit.hurt",
          "death": "mob.rabbit.death"
        }
      },
      "sheep": {
        "volume": 1.0,
        "pitch": [ 0.8, 1.2 ],
        "events": {
          "ambient": "mob.sheep.say",
          "hurt": "mob.sheep.say",
          "death": "mob.sheep.say",
          "step": {
            "sound": "mob.sheep.step",
            "volume": 0.15,
            "pitch": 1.0
          }
        }
      },
      "shulker": {
        "volume": 1.0,
        "pitch": [ 0.8, 1.2 ],
        "events": {
          "ambient": "mob.shulker.ambient",
          "hurt": "mob.shulker.hurt",
          "death": "mob.shulker.death",
          "shulker.open": "mob.shulker.open",
          "shulker.close": "mob.shulker.close",
          "teleport": "mob.shulker.teleport",
          "shoot": "mob.shulker.shoot"
        }
      },
      "silverfish": {
        "volume": 1.0,
        "pitch": [ 0.8, 1.2 ],
        "events": {
          "ambient": "mob.silverfish.say",
          "hurt": "mob.silverfish.hit",
          "death": "mob.silverfish.kill",
          "step": {
            "sound": "mob.silverfish.step",
            "volume": 0.15,
            "pitch": 1.0
          }
        }
      },
      "skeleton": {
        "volume": 1.0,
        "pitch": [ 0.8, 1.2 ],
        "events": {
          "ambient": "mob.skeleton.say",
          "hurt": {
            "sound": "mob.skeleton.hurt",
            "volume": 0.7
          },
          "death": "mob.skeleton.death",
          "step": {
            "sound": "mob.skeleton.step",
            "volume": 1.0,
            "pitch": 1.0
          }
        }
      },
      "wither_skeleton": {
        "volume": 1.0,
        "pitch": [ 0.8, 1.2 ],
        "events": {
          "ambient": "mob.skeleton.say",
          "hurt": {
            "sound": "mob.skeleton.hurt",
            "volume": 0.7
          },
          "death": "mob.skeleton.death",
          "step": {
            "sound": "mob.skeleton.step",
            "volume": 1.0,
            "pitch": 1.0
          }
        }
      },
      "stray": {
        "volume": 1.0,
        "pitch": [ 0.8, 1.2 ],
        "events": {
          "ambient": "mob.stray.ambient",
          "hurt": "mob.stray.hurt",
          "death": "mob.stray.death",
          "step": {
            "sound": "mob.stray.step",
            "volume": 1.0,
            "pitch": 1.0
          }
        }
      },
      "squid": {
        "volume": 0.4,
        "pitch": [ 0.8, 1.2 ],
        "events": {
          "ambient": "mob.squid.ambient",
          "hurt": "mob.squid.hurt",
          "death": "mob.squid.death"
        }
      },
      "spider": {
        "volume": 1.0,
        "pitch": [ 0.8, 1.2 ],
        "events": {
          "ambient": "mob.spider.say",
          "hurt": "mob.spider.say",
          "death": "mob.spider.death",
          "step": {
            "sound": "mob.spider.step",
            "volume": 1.0,
            "pitch": 1.0
          }
        }
      },
      "cave_spider": {
        "volume": 1.0,
        "pitch": [ 0.8, 1.2 ],
        "events": {
          "ambient": "mob.spider.say",
          "hurt": "mob.spider.say",
          "death": "mob.spider.death",
          "step": {
            "sound": "mob.spider.step",
            "volume": 1.0,
            "pitch": 1.0
          }
        }
      },
      "slime": {
        "volume": 1.0,
        "pitch": [ 0.8, 1.2 ],
        "events": {
          "ambient": "",
          "hurt": "mob.slime.small",
          "death": "mob.slime.small",
          "squish.big": {
            "sound": "mob.slime.big",
            "pitch": [ 0.64, 0.96 ]
          },
          "squish.small": {
            "sound": "mob.slime.small",
            "pitch": [ 0.64, 0.96 ]
          },
          "attack": {
            "sound": "mob.attack",
            "pitch": [ 0.8, 1.2 ]
          }
        }
      },
      "magma_cube": {
        "volume": 1.0,
        "pitch": [ 0.8, 1.2 ],
        "events": {
          "ambient": "",
          "hurt": "mob.magmacube.small",
          "death": "mob.magmacube.small",
          "squish.big": {
            "sound": "mob.magmacube.big",
            "pitch": [ 0.64, 0.96 ]
          },
          "squish.small": {
            "sound": "mob.magmacube.small",
            "pitch": [ 0.64, 0.96 ]
          },
          "attack": {
            "sound": "mob.attack",
            "pitch": [ 0.8, 1.2 ]
          }
        }
      },
      "villager": {
        "volume": 1.0,
        "pitch": [ 0.8, 1.2 ],
        "events": {
          "ambient": "mob.villager.idle",
          "hurt": "mob.villager.hit",
          "death": "mob.villager.death",
          "death.to.zombie": "mob.villager.death",
          "haggle": "mob.villager.haggle",
          "haggle.yes": "mob.villager.yes",
          "haggle.no": "mob.villager.no"
        }
      },
      "vindicator": {
        "volume": 1.0,
        "pitch": [ 0.8, 1.2 ],
        "events": {
          "ambient": "mob.vindicator.idle",
          "hurt": "mob.vindicator.hurt",
          "death": "mob.vindicator.death"
        }
      },
      "minecraft:npc": {
        "volume": 1.0,
        "pitch": [ 0.8, 1.2 ],
        "events": {
          "ambient": "mob.villager.idle",
          "hurt": "mob.villager.hit",
          "death": "dig.wood"
        }
      },
      "witch": {
        "volume": 1.0,
        "pitch": [ 0.8, 1.2 ],
        "events": {
          "ambient": "mob.witch.ambient",
          "hurt": "mob.witch.hurt",
          "death": "mob.witch.death",
          "drink": {
            "sound": "mob.witch.drink",
            "volume": 1.0,
            "pitch": 1.0
          },
          "throw": {
            "sound": "mob.witch.throw",
            "volume": 1.0,
            "pitch": 1.0
          }
        }
      },
      "wither": {
        "volume": 1.0,
        "pitch": [ 0.8, 1.2 ],
        "events": {
          "ambient": "mob.wither.ambient",
          "hurt": "mob.wither.hurt",
          "death": "mob.wither.death",
          "death.min.volume": {
            "sound": "mob.wither.death",
            "volume": 0.5
          },
          "death.mid.volume": {
            "sound": "mob.wither.death",
            "volume": 0.75
          },
          "spawn": {
            "sound": "mob.wither.spawn",
            "volume": 1.0,
            "pitch": 1.0
          },
          "shoot": {
            "sound": "mob.wither.shoot",
            "volume": 3.0,
            "pitch": 1.0
          },
          "break.block": {
            "sound": "mob.wither.break_block",
            "volume": 1.0,
            "pitch": 1.0
          }
        }
      },
      "wolf": {
        "volume": 1.0,
        "pitch": [ 0.8, 1.2 ],
        "events": {
          "ambient": "mob.wolf.bark",
          "hurt": "mob.wolf.hurt",
          "death": "mob.wolf.death",
          "step": {
            "sound": "mob.wolf.step",
            "volume": 0.15,
            "pitch": 1.0
          },
          "shake": {
            "sound": "mob.wolf.shake",
            "pitch": [ 0.8, 1.2 ]
          },
          "growl": "mob.wolf.growl",
          "whine": "mob.wolf.whine",
          "pant": "mob.wolf.panting"
        }
      },
      "zombie": {
        "volume": 1.0,
        "pitch": [ 0.8, 1.2 ],
        "events": {
          "ambient": "mob.zombie.say",
          "hurt": "mob.zombie.hurt",
          "death": "mob.zombie.death",
          "step": {
            "sound": "mob.zombie.step",
            "volume": 0.15,
            "pitch": 1.0
          }
        }
      },
      "drowned": {
        "volume": 1.0,
        "pitch": [ 0.6, 0.9 ],
        "events": {
          "ambient": "mob.zombie.say",
          "hurt": "mob.zombie.hurt",
          "death": "mob.zombie.death",
          "step": {
            "sound": "mob.zombie.step",
            "volume": 0.15,
            "pitch": 1.0
          }
        }
      },
      "zombie_villager": {
        "volume": 1.0,
        "pitch": [ 0.8, 1.2 ],
        "events": {
          "ambient": "mob.zombie_villager.say",
          "hurt": "mob.zombie_villager.hurt",
          "death": "mob.zombie_villager.death",
          "step": {
            "sound": "mob.zombie.step",
            "volume": 0.15,
            "pitch": 1.0
          }
        }
      }
    }
  },

  "interactive_sounds": {
    "block_sounds": {
			"normal":{"events" :{"default" : "",  "fall" : { "sounds":"fall.stone" , "volume": 1.0}, "step" : { "sound":"step.stone" , "volume":1.0}, "jump" : { "sound":"jump.stone" , "volume":0.25}, "land" : { "sound":"land.stone" , "volume":0.5}}, "volume" : 1.0, "pitch" : 1.00},
			"gravel":{"events" :{"default" : "",  "fall" : { "sounds":"fall.gravel", "volume": 1.0}, "step" : { "sound":"step.gravel", "volume":1.0}, "jump" : { "sound":"jump.gravel", "volume":0.25}, "land" : { "sound":"land.gravel", "volume":0.5}}, "volume" : 1.0, "pitch" : 1.00},
			"wood"  :{"events" :{"default" : "",  "fall" : { "sounds":"fall.wood"  , "volume": 1.0}, "step" : { "sound":"step.wood"  , "volume":0.7}, "jump" : { "sound":"jump.wood"  , "volume":0.25}, "land" : { "sound":"land.wood"  , "volume":0.5}}, "volume" : 1.0, "pitch" : 1.00},
			"grass" :{"events" :{"default" : "",  "fall" : { "sounds":"fall.grass" , "volume": 1.0}, "step" : { "sound":"step.grass" , "volume":1.0}, "jump" : { "sound":"jump.grass" , "volume":0.25}, "land" : { "sound":"land.grass" , "volume":0.5}}, "volume" : 1.0, "pitch" : 1.00},
			"stone" :{"events" :{"default" : "",  "fall" : { "sounds":"fall.stone" , "volume": 1.0}, "step" : { "sound":"step.stone" , "volume":0.7}, "jump" : { "sound":"jump.stone" , "volume":0.25}, "land" : { "sound":"land.stone" , "volume":0.5}}, "volume" : 1.0, "pitch" : 1.00},
			"cloth" :{"events" :{"default" : "",  "fall" : { "sounds":"fall.cloth" , "volume": 1.0}, "step" : { "sound":"step.cloth" , "volume":1.0}, "jump" : { "sound":"jump.cloth" , "volume":0.25}, "land" : { "sound":"land.cloth" , "volume":0.5}}, "volume" : 1.0, "pitch" : 1.00},
			"glass" :{"events" :{"default" : "",  "fall" : { "sounds":"fall.stone" , "volume": 1.0}, "step" : { "sound":"step.stone" , "volume":1.0}, "jump" : { "sound":"jump.stone" , "volume":0.25}, "land" : { "sound":"land.stone" , "volume":0.5}}, "volume" : 1.0, "pitch" : 1.00},
			"sand"  :{"events" :{"default" : "",  "fall" : { "sounds":"fall.sand"  , "volume": 1.0}, "step" : { "sound":"step.sand"  , "volume":0.4}, "jump" : { "sound":"jump.sand"  , "volume":0.25}, "land" : { "sound":"land.sand"  , "volume":0.5}}, "volume" : 1.0, "pitch" : 1.00},
			"snow"  :{"events" :{"default" : "",  "fall" : { "sounds":"fall.snow"  , "volume": 1.0}, "step" : { "sound":"step.snow"  , "volume":1.0}, "jump" : { "sound":"jump.snow"  , "volume":0.25}, "land" : { "sound":"land.snow"  , "volume":0.5}}, "volume" : 1.0, "pitch" : 1.00},
			"ladder":{"events" :{"default" : "",  "fall" : { "sounds":"fall.ladder", "volume": 1.0}, "step" : { "sound":"step.ladder", "volume":1.0}, "jump" : { "sound":"jump.ladder", "volume":0.25}, "land" : { "sound":"land.ladder", "volume":0.5}}, "volume" : 1.0, "pitch" : 1.00},
			"slime" :{"events" :{"default" : "",  "fall" : { "sounds":"fall.slime" , "volume": 1.0}, "step" : { "sound":"step.slime" , "volume":1.0}, "jump" : { "sound":"jump.slime" , "volume":0.25}, "land" : { "sound":"land.slime" , "volume":0.5}}, "volume" : 1.0, "pitch" : 1.00},
			"anvil" :{"events" :{"default" : "",  "fall" : { "sounds":"fall.anvil" , "volume": 1.0}, "step" : { "sound":"step.anvil" , "volume":1.0}, "jump" : { "sound":"jump.anvil" , "volume":0.25}, "land" : { "sound":"land.anvil" , "volume":0.5}}, "volume" : 0.35, "pitch" : 1.00},
			"metal" :{"events" :{"default" : "",  "fall" : { "sounds":"fall.stone" , "volume": 1.0}, "step" : { "sound":"step.stone" , "volume":1.0}, "jump" : { "sound":"jump.stone" , "volume":0.25}, "land" : { "sound":"land.stone" , "volume":0.5}}, "volume" : 1.00, "pitch" : 1.50}
		},

    "entity_sounds": {
      "defaults": {
        "volume": 0.25,
        "pitch": 1.0,
        "events": {
          "fall": {
            "default": {
              "sound": "",
              "volume": 1.0,
              "pitch": 0.75
            }
          },
          "jump": {
            "default": {
              "sound": "",
              "volume": 0.25,
              "pitch": 0.75
            }
          }
        }
      },
      "entities": {
        "horse": {
          "volume": 0.15,
          "pitch": 1.0,
          "events": {
            "step": {
              "wood": "mob.horse.wood",
              "default": "mob.horse.soft"
            },
            "heavy.step": {
              "default": "mob.horse.wood"
            },
            "gallop": {
              "default": "mob.horse.gallop"
            }
          }
        },
        "donkey": {
          "volume": 0.15,
          "pitch": 1.0,
          "events": {
            "step": {
              "wood": "mob.horse.wood",
              "default": "mob.horse.soft"
            },
            "heavy.step": {
              "default": "mob.horse.wood"
            },
            "gallop": {
              "default": "mob.horse.gallop"
            }
          }
        },
        "mule": {
          "volume": 0.15,
          "pitch": 1.0,
          "events": {
            "step": {
              "wood": "mob.horse.wood",
              "default": "mob.horse.soft"
            },
            "heavy.step": {
              "default": "mob.horse.wood"
            },
            "gallop": {
              "default": "mob.horse.gallop"
            }
          }
        },
        "skeleton_horse": {
          "volume": 0.15,
          "pitch": 1.0,
          "events": {
            "step": {
              "wood": "mob.horse.wood",
              "default": "mob.horse.soft"
            },
            "heavy.step": {
              "default": "mob.horse.wood"
            },
            "gallop": {
              "default": "mob.horse.gallop"
            }
          }
        },
        "zombie_horse": {
          "volume": 0.15,
          "pitch": 1.0,
          "events": {
            "step": {
              "wood": "mob.horse.wood",
              "default": "mob.horse.soft"
            },
            "heavy.step": {
              "default": "mob.horse.wood"
            },
            "gallop": {
              "default": "mob.horse.gallop"
            }
          }
        },
        "rabbit": {
          "volume": 0.0375, 
          "pitch": 1.5
        }
      }
    }
  }
}