{
  "namespace": "mashup_panorama",

  "map_pack_tab_content": {
    "type": "panel",
    "size": [ "100%", "100%" ],
    "controls": [
      { "pan_left@mashup_panorama.pan_left_button": { } },
      { "screenshot@panorama_input_panel": { } },      
      { "pan_right@mashup_panorama.pan_right_button": { } }
    ]
  },

  "panorama_input_panel": {
    "type": "input_panel",
    "size": [ "100% - 38px", "100%" ],
    "layer": 2,
    "gesture_tracking_button": "button.scroll_map",
    "button_mappings": [
      {
        "from_button_id": "button.menu_select",
        "to_button_id": "button.scroll_map",
        "mapping_type": "pressed",
        "button_up_right_of_first_refusal": true
      }
    ],
    "controls": [
      {
        "image_border@common.focus_border_white": {
          "color": [ 0, 0, 0 ],
          "controls": [
            {
              "key_art": {
                "type": "custom",
                "renderer": "panorama_renderer",
                "rotation": "gesture_x",
                "size": [ "100% - 2px", "100% - 2px" ],
                "bindings": [
                  {
                    "binding_name": "#panorama_texture",
                    "binding_name_override": "#texture"
                  },
                  {
                    "binding_name": "#panorama_texture_file_system",
                    "binding_name_override": "#texture_file_system"
                  },
                  {
                    "binding_name": "#panorama_view",
                    "binding_type": "global"
                  },
                  {
                    "binding_name": "#panorama_view",
                    "binding_type": "global"
                  },
                  {
                    "binding_type": "view",
                    "source_control_name": "screenshot",
                    "source_property_name": "#gesture_mouse_delta_x",
                    "target_property_name": "#gesture_mouse_delta_x"
                  }
                ]
              }
            }
          ]
        }
      }
    ]
  },

  "chevron_image": {
    "type": "image",
    "layer": 2,
    "uv": [ 0, 0 ],
    "uv_size": [ 4, 7 ],
    "size": [ 4, 7 ],
    "texture": "$chevron_image_name"
  },


  "pan_button@common_buttons.light_glyph_button": {
    "$button_content": "mashup_panorama.chevron_image",
    "size": [ 20, "100%" ],
    "layer": 3
  },

  "pan_left_button@mashup_panorama.pan_button": {
    "anchor_from": "top_left",
    "anchor_to": "top_left",
    "$chevron_image_name": "textures/gui/newgui/chevron_left",
    "$pressed_button_name": "button.pan_left",
    "button_mappings": [
      {
        "from_button_id": "button.menu_select",
        "to_button_id": "button.pan_left",
        "mapping_type": "pressed",
        "button_up_right_of_first_refusal": true
      }
    ]
  },

  "pan_right_button@mashup_panorama.pan_button": {
    "anchor_from": "top_right",
    "anchor_to": "top_right",
    "$chevron_image_name": "textures/gui/newgui/chevron_right",
    "$pressed_button_name": "button.pan_right",
    "button_mappings": [
      {
        "from_button_id": "button.menu_select",
        "to_button_id": "button.pan_right",
        "mapping_type": "pressed",
        "button_up_right_of_first_refusal": true
      }
    ]
  }

}