{
  "minecraft:entity": {
    "format_version": 0.1,

    "component_groups": {
      "minecraft:mule_baby": {
        "minecraft:is_baby": {
        },
        "minecraft:scale_by_age": {
          "start_scale": 0.5,
          "end_scale": 1.0
        },
        "minecraft:ageable": {
          "duration": 1200,
          "feedItems": [
            {
              "item": "wheat",
              "growth": 0.016667
            },
            {
              "item": "sugar",
              "growth": 0.025
            },
            {
              "item": "tile.hay_block",
              "growth": 0.15
            },
            {
              "item": "apple",
              "growth": 0.05
            },
            {
              "item": "golden_carrot",
              "growth": 0.05
            },
            {
              "item": "golden_apple",
              "growth": 0.2
            },
            {
              "item": "appleEnchanted",
              "growth": 0.2
            }
          ],
          "grow_up": {
            "event": "minecraft:ageable_grow_up",
            "target": "self"
          }
        },
        "minecraft:behavior.follow_parent": {
          "priority": 4,
          "speed_multiplier": 1.0
        }
      },

      "minecraft:mule_adult": {
        "minecraft:loot": {
          "table": "loot_tables/entities/horse.json"
        },
        "minecraft:behavior.run_around_like_crazy": {
          "priority": 1,
          "speed_multiplier": 1.2
        }
      },

      "minecraft:mule_wild": {
        "minecraft:rideable": {
          "seat_count": 1,
          "family_types": [
            "player",
            "zombie"
          ],
          "interact_text": "action.interact.mount",
          "seats": {
            "position": [ 0.0, 0.975, -0.2 ]
          }
        },
        "minecraft:behavior.mount_pathing": {
          "priority": 2,
          "speed_multiplier": 1.5,
          "target_dist": 0.0,
          "track_target": true
        },
        "minecraft:tamemount": {
          "minTemper": 0,
          "maxTemper": 100,
          "feed_text": "action.interact.feed",
          "ride_text": "action.interact.mount",
          "feedItems": [
            {
              "item": "wheat",
              "temperMod": 3
            },
            {
              "item": "sugar",
              "temperMod": 3
            },
            {
              "item": "apple",
              "temperMod": 3
            },
            {
              "item": "golden_carrot",
              "temperMod": 5
            },
            {
              "item": "golden_apple",
              "temperMod": 10
            },
            {
              "item": "appleEnchanted",
              "temperMod": 10
            }
          ],
          "autoRejectItems": [
            {
              "item": "horsearmorleather"
            },
            {
              "item": "horsearmoriron"
            },
            {
              "item": "horsearmorgold"
            },
            {
              "item": "horsearmordiamond"
            },
            {
              "item": "saddle"
            }
          ],
          "tame_event": {
            "event": "minecraft:on_tame",
            "target": "self"
          }
        }
      },

      "minecraft:mule_tamed": {
        "minecraft:is_tamed": {
        },
        "minecraft:equippable": {
          "slots": [
            {
              "item": "saddle",
              "on_equip": {
                "event": "minecraft:mule_saddled"
              },
              "on_unequip": {
                "event": "minecraft:mule_unsaddled"
              }
            }
          ]
        },
        "minecraft:rideable": {
          "priority": 0,
          "seat_count": 1,
          "crouching_skip_interact": true,
          "interact_text": "action.interact.ride.horse",
          "seats": {
            "position": [ 0.0, 0.975, -0.2 ]
          }
        },
        "minecraft:behavior.player_ride_tamed": {

        },
        "minecraft:inventory": {
          "inventory_size": 17,
          "container_type": "horse"
        }
      },

      "minecraft:mule_unchested": {
        "minecraft:interact": [
          {
            "on_interact": {
              "filters": {
                "other_with_item": "chest:0",
                "other_with_families": "player"
              },
              "event": "minecraft:on_chest",
              "target": "self"
            },
            "use_item": "true",
            "interact_text": "action.interact.attachchest"
          }
        ]
      },

      "minecraft:mule_chested": {
        "minecraft:is_chested": {

        }
      },

      "minecraft:mule_saddled": {
        "minecraft:is_saddled": {

        }
      },

      "minecraft:mule_leashed": {
        "minecraft:behavior.move_towards_restriction": {
          "priority": 2,
          "speed_multiplier": 1.0
        }
      }
    },

    "components": {
      "minecraft:identifier": {
        "id": "minecraft:mule"
      },
      "minecraft:type_family": {
        "family": [ "mule" ]
      },
      "minecraft:breathable": {
        "totalSupply": 15,
        "suffocateTime": 0
      },
      "minecraft:collision_box": {
        "width": 1.4,
        "height": 1.6
      },
      "minecraft:health": {
        "value": {
          "range_min": 15,
          "range_max": 30
        }
      },
      "minecraft:movement": {
        "value": 0.175
      },
      "minecraft:nameable": {
      },
      "minecraft:horse.jump_strength": {
        "value": 0.5
      },
      "minecraft:leashable": {
        "soft_distance": 4.0,
        "hard_distance": 6.0,
        "max_distance": 10.0,
        "on_leash": {
          "event": "minecraft:on_leash",
          "target": "self"
        },
        "on_unleash": {
          "event": "minecraft:on_unleash",
          "target": "self"
        }
      },
      "minecraft:healable": {
        "items": [
          {
            "item": "wheat",
            "heal_amount": 2
          },
          {
            "item": "sugar",
            "heal_amount": 1
          },
          {
            "item": "tile.hay_block",
            "heal_amount": 20
          },
          {
            "item": "apple",
            "heal_amount": 3
          },
          {
            "item": "golden_carrot",
            "heal_amount": 4
          },
          {
            "item": "golden_apple",
            "heal_amount": 10
          },
          {
            "item": "appleEnchanted",
            "heal_amount": 10
          }
        ]
      },
      "minecraft:behavior.float": {
        "priority": 0
      },
      "minecraft:behavior.panic": {
        "priority": 1,
        "speed_multiplier": 1.2
      },
      "minecraft:behavior.tempt": {
        "priority": 5,
        "speed_multiplier": 1.2,
        "items": [
          "apple",
          "carrot",
          "golden_apple",
          "appleEnchanted",
          "golden_carrot",
          "carrotOnAStick",
          "tile.hay_block",
          "sugar",
          "bread",
          "wheat"
        ]
      },
      "minecraft:behavior.random_stroll": {
        "priority": 6,
        "speed_multiplier": 0.7
      },
      "minecraft:behavior.look_at_player": {
        "priority": 7,
        "look_distance": 6.0,
        "probability": 0.02
      },
      "minecraft:behavior.random_look_around": {
        "priority": 8
      }
    },

    "events": {
      "minecraft:entity_spawned": {
        "randomize": [
          {
            "weight": 80,
            "add": {
              "component_groups": [
                "minecraft:mule_adult",
                "minecraft:mule_wild"
              ]
            }
          },
          {
            "weight": 20,
            "add": {
              "component_groups": [
                "minecraft:mule_baby"
              ]
            }
          }
        ]
      },

      "minecraft:entity_born": {
        "add": {
          "component_groups": [
            "minecraft:mule_baby"
          ]
        }
      },

      "minecraft:on_tame": {
        "remove": {
          "component_groups": [
            "minecraft:mule_wild"
          ]
        },
        "add": {
          "component_groups": [
            "minecraft:mule_tamed",
            "minecraft:mule_unchested"
          ]
        }
      },

      "minecraft:ageable_grow_up": {
        "remove": {
          "component_groups": [
            "minecraft:mule_baby"
          ]
        },
        "add": {
          "component_groups": [
            "minecraft:mule_adult",
            "minecraft:mule_wild"
          ]
        }
      },

      "minecraft:on_leash": {
        "add": {
          "component_groups": [
            "minecraft:mule_leashed"
          ]
        }
      },
      "minecraft:on_unleash": {
        "remove": {
          "component_groups": [
            "minecraft:mule_leashed"
          ]
        }
      },

      "minecraft:on_chest": {
        "remove": {
          "component_groups": [
            "minecraft:mule_unchested"
          ]
        },
        "add": {
          "component_groups": [
            "minecraft:mule_chested"
          ]
        }
      },

      "minecraft:mule_saddled": {
        "add": {
          "component_groups": [
            "minecraft:mule_saddled"
          ]
        }
      },
      "minecraft:mule_unsaddled": {
        "remove": {
          "component_groups": [
            "minecraft:mule_saddled"
          ]
        }
      }
    }
  }
}